{"cameraMode":{"drawMode":0,"name":"Shaded","section":"Shading Mode"},"sceneLighting":false,"audioPlay":false,"sceneViewState":{"showFog":true,"showMaterialUpdate":false,"showSkybox":true,"showFlares":true,"showImageEffects":true,"showParticleSystems":true},"in2DMode":false,"pivot":{"x":732.3475341796875,"y":0.74843430519104,"z":459.3775939941406},"rotation":{"x":-0.21581687033176423,"y":0.6320404410362244,"z":-0.18950508534908296,"w":-0.7197599411010742},"size":0.9414989352226257,"orthographic":false}