{"cameraMode":{"drawMode":0,"name":"Shaded","section":"Shading Mode"},"sceneLighting":false,"audioPlay":false,"sceneViewState":{"showFog":true,"showMaterialUpdate":false,"showSkybox":true,"showFlares":true,"showImageEffects":true,"showParticleSystems":true},"in2DMode":false,"pivot":{"x":893.7128295898438,"y":1.3428198099136353,"z":84.8318862915039},"rotation":{"x":-0.2109556347131729,"y":0.7691473960876465,"z":-0.3156262934207916,"w":-0.5141038298606873},"size":1.2110977172851563,"orthographic":false}