{"cameraMode":{"drawMode":0,"name":"Shaded","section":"Shading Mode"},"sceneLighting":false,"audioPlay":false,"sceneViewState":{"showFog":true,"showMaterialUpdate":false,"showSkybox":false,"showFlares":true,"showImageEffects":true,"showParticleSystems":true},"in2DMode":false,"pivot":{"x":883.4786376953125,"y":1.2244913578033448,"z":79.76872253417969},"rotation":{"x":0.11515313386917114,"y":0.8541655540466309,"z":-0.21391990780830384,"w":0.45977434515953066},"size":1.3104379177093506,"orthographic":false}