{"cameraMode":{"drawMode":0,"name":"Shaded","section":"Shading Mode"},"sceneLighting":false,"audioPlay":false,"sceneViewState":{"showFog":true,"showMaterialUpdate":false,"showSkybox":true,"showFlares":true,"showImageEffects":true,"showParticleSystems":true},"in2DMode":false,"pivot":{"x":888.0394897460938,"y":4.066880226135254,"z":89.6286392211914},"rotation":{"x":0.11515313386917114,"y":0.8541655540466309,"z":-0.21391990780830384,"w":0.45977434515953066},"size":0.43363749980926516,"orthographic":false}