{"cameraMode":{"drawMode":0,"name":"Shaded","section":"Shading Mode"},"sceneLighting":false,"audioPlay":false,"sceneViewState":{"showFog":true,"showMaterialUpdate":false,"showSkybox":true,"showFlares":true,"showImageEffects":true,"showParticleSystems":true},"in2DMode":false,"pivot":{"x":615.8579711914063,"y":-4.0771484375,"z":346.66851806640627},"rotation":{"x":0.25932273268699648,"y":-0.6766764521598816,"z":0.27841833233833315,"w":0.6303756833076477},"size":221.0870819091797,"orthographic":false}