{"cameraMode":{"drawMode":0,"name":"Shaded","section":"Shading Mode"},"sceneLighting":false,"audioPlay":false,"sceneViewState":{"showFog":true,"showMaterialUpdate":false,"showSkybox":true,"showFlares":true,"showImageEffects":true,"showParticleSystems":true},"in2DMode":false,"pivot":{"x":624.9869995117188,"y":5.842620372772217,"z":487.8412170410156},"rotation":{"x":0.006504697725176811,"y":-0.9706370830535889,"z":0.026520106941461564,"w":0.23905251920223237},"size":7.233277320861816,"orthographic":false}